country,iso3,continent_un,poptotal,poptotal_continent,poptotal_world,popshare_continent,popshare_world,iso2
Aruba,ABW,Latin America and the Caribbean,106.31,648120.94,7713468.5,.0164,.0014,AW
Afghanistan,AFG,Asia,38041.758,4601371.5,7713468.5,.82669997,.4932,AF
Angola,AGO,Africa,31825.299,1308064.1,7713468.5,2.4330001,.41260001,AO
Anguilla,AIA,Latin America and the Caribbean,14.872,648120.94,7713468.5,.0023000001,.00019999999,AI
Albania,ALB,Europe,2880.9131,747182.81,7713468.5,.3856,.037300002,AL
Andorra,AND,Europe,77.146004,747182.81,7713468.5,.0103,.001,AD
United Arab Emirates,ARE,Asia,9770.5264,4601371.5,7713468.5,.2123,.1267,AE
Argentina,ARG,Latin America and the Caribbean,44780.676,648120.94,7713468.5,6.9092999,.58060002,AR
Armenia,ARM,Asia,2957.728,4601371.5,7713468.5,.064300001,.0383,AM
American Samoa,ASM,Oceania,55.312,42128.047,7713468.5,.1313,.00069999998,AS
Antigua and Barbuda,ATG,Latin America and the Caribbean,97.114998,648120.94,7713468.5,.015,.0013,AG
Australia,AUS,Oceania,25203.199,42128.047,7713468.5,59.825199,.3267,AU
Austria,AUT,Europe,8955.1084,747182.81,7713468.5,1.1985,.1161,AT
Azerbaijan,AZE,Asia,10047.719,4601371.5,7713468.5,.2184,.1303,AZ
Burundi,BDI,Africa,11530.577,1308064.1,7713468.5,.88150001,.1495,BI
Belgium,BEL,Europe,11539.326,747182.81,7713468.5,1.5444,.1496,BE
Benin,BEN,Africa,11801.151,1308064.1,7713468.5,.90219998,.153,BJ
"Bonaire, Saint Eustatius and Saba",BES,Latin America and the Caribbean,25.983,648120.94,7713468.5,.0040000002,.00030000001,BQ
Burkina Faso,BFA,Africa,20321.383,1308064.1,7713468.5,1.5535001,.26350001,BF
Bangladesh,BGD,Asia,163046.17,4601371.5,7713468.5,3.5434,2.1138,BD
Bulgaria,BGR,Europe,7000.1172,747182.81,7713468.5,.93690002,.090800002,BG
Bahrain,BHR,Asia,1641.1639,4601371.5,7713468.5,.035700001,.021299999,BH
Bahamas,BHS,Latin America and the Caribbean,389.48599,648120.94,7713468.5,.0601,.0049999999,BS
Bosnia and Herzegovina,BIH,Europe,3300.998,747182.81,7713468.5,.4418,.042800002,BA
Saint Barthélemy,BLM,Latin America and the Caribbean,9.8529997,648120.94,7713468.5,.0015,.000099999997,BL
Belarus,BLR,Europe,9452.4092,747182.81,7713468.5,1.2651,.1225,BY
Belize,BLZ,Latin America and the Caribbean,390.35101,648120.94,7713468.5,.060199998,.0051000002,BZ
Bermuda,BMU,Northern America,62.507999,366600.94,7713468.5,.017100001,.00079999998,BM
Bolivia (Plurinational State of),BOL,Latin America and the Caribbean,11513.102,648120.94,7713468.5,1.7764,.14929999,BO
Brazil,BRA,Latin America and the Caribbean,211049.52,648120.94,7713468.5,32.563301,2.7361,BR
Barbados,BRB,Latin America and the Caribbean,287.021,648120.94,7713468.5,.044300001,.0037,BB
Brunei Darussalam,BRN,Asia,433.29599,4601371.5,7713468.5,.0093999999,.0055999998,BN
Bhutan,BTN,Asia,763.09399,4601371.5,7713468.5,.0166,.0098999999,BT
Botswana,BWA,Africa,2303.7029,1308064.1,7713468.5,.1761,.029899999,BW
Central African Republic,CAF,Africa,4745.1792,1308064.1,7713468.5,.3628,.061500002,CF
Canada,CAN,Northern America,37411.039,366600.94,7713468.5,10.2048,.48500001,CA
Switzerland,CHE,Europe,8591.3613,747182.81,7713468.5,1.1497999,.1114,CH
Chile,CHL,Latin America and the Caribbean,18952.035,648120.94,7713468.5,2.9242001,.2457,CL
China,CHN,Asia,1433783.8,4601371.5,7713468.5,31.159901,18.5881,CN
Côte d’Ivoire,CIV,Africa,25716.555,1308064.1,7713468.5,1.966,.33340001,CI
Cameroon,CMR,Africa,25876.387,1308064.1,7713468.5,1.9782,.3355,CM
Democratic Republic of the Congo,COD,Africa,86790.57,1308064.1,7713468.5,6.6350002,1.1252,CD
Congo,COG,Africa,5380.5039,1308064.1,7713468.5,.4113,.069799997,CG
Cook Islands,COK,Oceania,17.547001,42128.047,7713468.5,.041700002,.00019999999,CK
Colombia,COL,Latin America and the Caribbean,50339.441,648120.94,7713468.5,7.7670002,.65259999,CO
Comoros,COM,Africa,850.89099,1308064.1,7713468.5,.064999998,.011,KM
Cabo Verde,CPV,Africa,549.93597,1308064.1,7713468.5,.041999999,.0071,CV
Costa Rica,CRI,Latin America and the Caribbean,5047.561,648120.94,7713468.5,.77880001,.065399997,CR
Cuba,CUB,Latin America and the Caribbean,11333.484,648120.94,7713468.5,1.7487,.1469,CU
Curaçao,CUW,Latin America and the Caribbean,163.423,648120.94,7713468.5,.0252,.0020999999,CW
Cayman Islands,CYM,Latin America and the Caribbean,64.947998,648120.94,7713468.5,.0099999998,.00079999998,KY
Cyprus,CYP,Asia,1198.574,4601371.5,7713468.5,.026000001,.0155,CY
Czechia,CZE,Europe,10689.213,747182.81,7713468.5,1.4306,.13860001,CZ
Germany,DEU,Europe,83517.047,747182.81,7713468.5,11.1776,1.0827,DE
Djibouti,DJI,Africa,973.55701,1308064.1,7713468.5,.0744,.0126,DJ
Dominica,DMA,Latin America and the Caribbean,71.807999,648120.94,7713468.5,.0111,.00089999998,DM
Denmark,DNK,Europe,5771.877,747182.81,7713468.5,.77249998,.0748,DK
Dominican Republic,DOM,Latin America and the Caribbean,10738.957,648120.94,7713468.5,1.6569,.1392,DO
Algeria,DZA,Africa,43053.055,1308064.1,7713468.5,3.2914,.5582,DZ
Ecuador,ECU,Latin America and the Caribbean,17373.656,648120.94,7713468.5,2.6805999,.2252,EC
Egypt,EGY,Africa,100388.08,1308064.1,7713468.5,7.6746001,1.3015,EG
Eritrea,ERI,Africa,3497.1169,1308064.1,7713468.5,.2674,.045299999,ER
Western Sahara,ESH,Africa,582.45801,1308064.1,7713468.5,.044500001,.0076000001,EH
Spain,ESP,Europe,46736.781,747182.81,7713468.5,6.2550998,.60589999,ES
Estonia,EST,Europe,1325.649,747182.81,7713468.5,.17739999,.017200001,EE
Ethiopia,ETH,Africa,112078.73,1308064.1,7713468.5,8.5683002,1.4529999,ET
Finland,FIN,Europe,5532.1592,747182.81,7713468.5,.74040002,.071699999,FI
Fiji,FJI,Oceania,889.95502,42128.047,7713468.5,2.1125,.0115,FJ
Falkland Islands (Malvinas),FLK,Latin America and the Caribbean,3.372,648120.94,7713468.5,.00050000002,0,FK
France,FRA,Europe,65129.73,747182.81,7713468.5,8.7166996,.84439999,FR
Faroe Islands,FRO,Europe,48.676998,747182.81,7713468.5,.0065000001,.00060000003,FO
Micronesia (Federated States of),FSM,Oceania,113.811,42128.047,7713468.5,.27020001,.0015,FM
Gabon,GAB,Africa,2172.5779,1308064.1,7713468.5,.1661,.028200001,GA
United Kingdom of Great Britain and Northern Ireland,GBR,Europe,67530.164,747182.81,7713468.5,9.0380001,.87550002,GB
Georgia,GEO,Asia,3996.762,4601371.5,7713468.5,.086900003,.051800001,GE
Ghana,GHA,Africa,30417.857,1308064.1,7713468.5,2.3254001,.39430001,GH
Gibraltar,GIB,Europe,33.706001,747182.81,7713468.5,.0044999998,.00039999999,GI
Guinea,GIN,Africa,12771.246,1308064.1,7713468.5,.9763,.1656,GN
Guadeloupe,GLP,Latin America and the Caribbean,400.048,648120.94,7713468.5,.061700001,.0052,GP
Gambia,GMB,Africa,2347.696,1308064.1,7713468.5,.1795,.030400001,GM
Guinea-Bissau,GNB,Africa,1920.917,1308064.1,7713468.5,.1469,.024900001,GW
Equatorial Guinea,GNQ,Africa,1355.9821,1308064.1,7713468.5,.1037,.0176,GQ
Greece,GRC,Europe,10473.452,747182.81,7713468.5,1.4017,.1358,GR
Grenada,GRD,Latin America and the Caribbean,112.002,648120.94,7713468.5,.0173,.0015,GD
Greenland,GRL,Northern America,56.66,366600.94,7713468.5,.0155,.00069999998,GL
Guatemala,GTM,Latin America and the Caribbean,17581.477,648120.94,7713468.5,2.7126999,.2279,GT
French Guiana,GUF,Latin America and the Caribbean,290.823,648120.94,7713468.5,.0449,.0038000001,GF
Guam,GUM,Oceania,167.295,42128.047,7713468.5,.3971,.0022,GU
Guyana,GUY,Latin America and the Caribbean,782.77502,648120.94,7713468.5,.1208,.0101,GY
Hong Kong,HKG,Asia,7436.1572,4601371.5,7713468.5,.16159999,.0964,HK
Honduras,HND,Latin America and the Caribbean,9746.1152,648120.94,7713468.5,1.5037,.12639999,HN
Croatia,HRV,Europe,4130.2988,747182.81,7713468.5,.5528,.0535,HR
Haiti,HTI,Latin America and the Caribbean,11263.079,648120.94,7713468.5,1.7378,.146,HT
Hungary,HUN,Europe,9684.6797,747182.81,7713468.5,1.2962,.1256,HU
Indonesia,IDN,Asia,270625.56,4601371.5,7713468.5,5.8814001,3.5085001,ID
Isle of Man,IMN,Europe,84.588997,747182.81,7713468.5,.0113,.0011,IM
India,IND,Asia,1366417.8,4601371.5,7713468.5,29.6959,17.714701,IN
Ireland,IRL,Europe,4882.498,747182.81,7713468.5,.65350002,.063299999,IE
Iran (Islamic Republic of),IRN,Asia,82913.891,4601371.5,7713468.5,1.8019,1.0749,IR
Iraq,IRQ,Asia,39309.789,4601371.5,7713468.5,.85430002,.50959998,IQ
Iceland,ISL,Europe,339.03699,747182.81,7713468.5,.045400001,.0044,IS
Israel,ISR,Asia,8519.373,4601371.5,7713468.5,.1851,.1104,IL
Italy,ITA,Europe,60550.094,747182.81,7713468.5,8.1037998,.78500003,IT
Jamaica,JAM,Latin America and the Caribbean,2948.2771,648120.94,7713468.5,.4549,.038199998,JM
Jersey,JEY,Europe,172.26401,747182.81,7713468.5,.0231,.0022,JR
Jordan,JOR,Asia,10101.697,4601371.5,7713468.5,.21950001,.131,JO
Japan,JPN,Asia,126860.3,4601371.5,7713468.5,2.757,1.6447001,JP
Kazakhstan,KAZ,Asia,18551.428,4601371.5,7713468.5,.4032,.2405,KZ
Kenya,KEN,Africa,52573.969,1308064.1,7713468.5,4.0191998,.68159997,KE
Kyrgyzstan,KGZ,Asia,6415.8511,4601371.5,7713468.5,.13940001,.0832,KG
Cambodia,KHM,Asia,16486.543,4601371.5,7713468.5,.3583,.2137,KH
Kiribati,KIR,Oceania,117.608,42128.047,7713468.5,.27919999,.0015,KI
Saint Kitts and Nevis,KNA,Latin America and the Caribbean,52.834,648120.94,7713468.5,.0082,.00069999998,KN
Republic of Korea,KOR,Asia,51225.32,4601371.5,7713468.5,1.1133,.66409999,KR
Kuwait,KWT,Asia,4207.0771,4601371.5,7713468.5,.091399997,.054499999,KW
Lao People's Democratic Republic,LAO,Asia,7169.4561,4601371.5,7713468.5,.1558,.092900001,LA
Lebanon,LBN,Asia,6855.709,4601371.5,7713468.5,.149,.0889,LB
Liberia,LBR,Africa,4937.374,1308064.1,7713468.5,.3775,.064000003,LR
Libya,LBY,Africa,6777.4531,1308064.1,7713468.5,.51810002,.087899998,LY
Saint Lucia,LCA,Latin America and the Caribbean,182.795,648120.94,7713468.5,.028200001,.0024000001,LC
Liechtenstein,LIE,Europe,38.02,747182.81,7713468.5,.0051000002,.00050000002,LI
Sri Lanka,LKA,Asia,21323.734,4601371.5,7713468.5,.46340001,.2764,LK
Lesotho,LSO,Africa,2125.2671,1308064.1,7713468.5,.16249999,.0276,LS
Lithuania,LTU,Europe,2759.6311,747182.81,7713468.5,.36930001,.035799999,LT
Luxembourg,LUX,Europe,615.72998,747182.81,7713468.5,.082400002,.0080000004,LU
Latvia,LVA,Europe,1906.74,747182.81,7713468.5,.2552,.024700001,LV
Macao,MAC,Asia,640.44598,4601371.5,7713468.5,.0139,.0082999999,MO
Saint Martin (French Part),MAF,Latin America and the Caribbean,38.001999,648120.94,7713468.5,.0059000002,.00050000002,MF
Morocco,MAR,Africa,36471.766,1308064.1,7713468.5,2.7881999,.47279999,MA
Monaco,MCO,Europe,38.966999,747182.81,7713468.5,.0052,.00050000002,MC
Republic of Moldova,MDA,Europe,4043.2581,747182.81,7713468.5,.54110003,.0524,MD
Madagascar,MDG,Africa,26969.307,1308064.1,7713468.5,2.0618,.34959999,MG
Maldives,MDV,Asia,530.95697,4601371.5,7713468.5,.0115,.0068999999,MV
Mexico,MEX,Latin America and the Caribbean,127575.53,648120.94,7713468.5,19.683901,1.6539,MX
Marshall Islands,MHL,Oceania,58.791,42128.047,7713468.5,.13959999,.00079999998,MH
North Macedonia,MKD,Europe,2083.458,747182.81,7713468.5,.27880001,.027000001,MK
Mali,MLI,Africa,19658.023,1308064.1,7713468.5,1.5028,.25490001,ML
Malta,MLT,Europe,440.37701,747182.81,7713468.5,.058899999,.0057000001,MT
Myanmar,MMR,Asia,54045.422,4601371.5,7713468.5,1.1746,.70069999,MM
Montenegro,MNE,Europe,627.98798,747182.81,7713468.5,.083999999,.0081000002,ME
Mongolia,MNG,Asia,3225.166,4601371.5,7713468.5,.070100002,.0418,MN
Northern Mariana Islands,MNP,Oceania,57.213001,42128.047,7713468.5,.1358,.00069999998,MP
Mozambique,MOZ,Africa,30366.043,1308064.1,7713468.5,2.3213999,.3937,MZ
Mauritania,MRT,Africa,4525.6982,1308064.1,7713468.5,.34599999,.058699999,MR
Montserrat,MSR,Latin America and the Caribbean,4.9910002,648120.94,7713468.5,.00079999998,.000099999997,MS
Martinique,MTQ,Latin America and the Caribbean,375.55701,648120.94,7713468.5,.0579,.0049000001,MQ
Mauritius,MUS,Africa,1269.67,1308064.1,7713468.5,.097099997,.0165,MU
Malawi,MWI,Africa,18628.748,1308064.1,7713468.5,1.4241,.24150001,MW
Malaysia,MYS,Asia,31949.789,4601371.5,7713468.5,.69440001,.41420001,MY
Mayotte,MYT,Africa,266.15302,1308064.1,7713468.5,.020300001,.0035000001,YT
Namibia,NAM,Africa,2494.5239,1308064.1,7713468.5,.19069999,.032299999,NA
New Caledonia,NCL,Oceania,282.75699,42128.047,7713468.5,.67119998,.0037,NC
Niger,NER,Africa,23310.719,1308064.1,7713468.5,1.7821,.30219999,NE
Nigeria,NGA,Africa,200963.61,1308064.1,7713468.5,15.3634,2.6054001,NG
Nicaragua,NIC,Latin America and the Caribbean,6545.5029,648120.94,7713468.5,1.0099,.084899999,NI
Niue,NIU,Oceania,1.614,42128.047,7713468.5,.0038000001,0,NU
Netherlands,NLD,Europe,17097.123,747182.81,7713468.5,2.2881999,.2217,NL
Norway,NOR,Europe,5378.8589,747182.81,7713468.5,.71990001,.069700003,NO
Nepal,NPL,Asia,28608.715,4601371.5,7713468.5,.62169999,.37090001,NP
Nauru,NRU,Oceania,10.764,42128.047,7713468.5,.025599999,.000099999997,NR
New Zealand,NZL,Oceania,4783.062,42128.047,7713468.5,11.3536,.061999999,NZ
Oman,OMN,Asia,4974.9922,4601371.5,7713468.5,.1081,.064499997,OM
Pakistan,PAK,Asia,216565.31,4601371.5,7713468.5,4.7065001,2.8076,PK
Panama,PAN,Latin America and the Caribbean,4246.4399,648120.94,7713468.5,.6552,.055100001,PA
Peru,PER,Latin America and the Caribbean,32510.463,648120.94,7713468.5,5.0160999,.4215,PE
Philippines,PHL,Asia,108116.63,4601371.5,7713468.5,2.3497,1.4017,PH
Palau,PLW,Oceania,18.000999,42128.047,7713468.5,.0427,.00019999999,PW
Papua New Guinea,PNG,Oceania,8776.1191,42128.047,7713468.5,20.832001,.1138,PG
Poland,POL,Europe,37887.77,747182.81,7713468.5,5.0707002,.4912,PL
Puerto Rico,PRI,Latin America and the Caribbean,2933.4041,648120.94,7713468.5,.4526,.037999999,PR
Democratic People's Republic of Korea,PRK,Asia,25666.158,4601371.5,7713468.5,.55779999,.33270001,KP
Portugal,PRT,Europe,10226.178,747182.81,7713468.5,1.3686,.13259999,PT
Paraguay,PRY,Latin America and the Caribbean,7044.6392,648120.94,7713468.5,1.0869,.091300003,PY
State of Palestine,PSE,Asia,4981.4219,4601371.5,7713468.5,.1083,.064599998,PS
French Polynesia,PYF,Oceania,279.285,42128.047,7713468.5,.66289997,.0035999999,PF
Qatar,QAT,Asia,2832.071,4601371.5,7713468.5,.061500002,.036699999,QA
Réunion,REU,Africa,888.93201,1308064.1,7713468.5,.068000004,.0115,RE
Kosovo,RKS,Europe,1794.248,747182.81,7713468.5,.2401,.0233,
Romania,ROU,Europe,19364.559,747182.81,7713468.5,2.5917001,.25099999,RO
Russian Federation,RUS,Europe,145872.27,747182.81,7713468.5,19.523001,1.8911,RU
Rwanda,RWA,Africa,12626.938,1308064.1,7713468.5,.96530002,.1637,RW
Saudi Arabia,SAU,Asia,34268.527,4601371.5,7713468.5,.74470001,.4443,SA
Sudan,SDN,Africa,42813.238,1308064.1,7713468.5,3.273,.55500001,SD
Senegal,SEN,Africa,16296.362,1308064.1,7713468.5,1.2458,.2113,SN
Singapore,SGP,Asia,5804.3428,4601371.5,7713468.5,.1261,.075199999,SG
Saint Helena,SHN,Africa,6.0609999,1308064.1,7713468.5,.00050000002,.000099999997,SH
Solomon Islands,SLB,Oceania,669.82098,42128.047,7713468.5,1.59,.0087000001,SB
Sierra Leone,SLE,Africa,7813.207,1308064.1,7713468.5,.59729999,.1013,SL
El Salvador,SLV,Latin America and the Caribbean,6453.5498,648120.94,7713468.5,.9957,.083700001,SV
San Marino,SMR,Europe,33.863998,747182.81,7713468.5,.0044999998,.00039999999,SM
Somalia,SOM,Africa,15442.906,1308064.1,7713468.5,1.1806,.20020001,SO
Saint Pierre and Miquelon,SPM,Northern America,5.8210001,366600.94,7713468.5,.0016,.000099999997,PM
Serbia,SRB,Europe,6977.9795,747182.81,7713468.5,.9339,.090499997,RS
South Sudan,SSD,Africa,11062.114,1308064.1,7713468.5,.84570003,.1434,SS
Sao Tome and Principe,STP,Africa,215.048,1308064.1,7713468.5,.0164,.0027999999,ST
Suriname,SUR,Latin America and the Caribbean,581.36298,648120.94,7713468.5,.089699998,.0074999998,SR
Slovakia,SVK,Europe,5457.0122,747182.81,7713468.5,.73030001,.070699997,SK
Slovenia,SVN,Europe,2078.6541,747182.81,7713468.5,.2782,.026900001,SI
Sweden,SWE,Europe,10036.391,747182.81,7713468.5,1.3432,.1301,SE
Eswatini,SWZ,Africa,1148.1331,1308064.1,7713468.5,.087800004,.0149,SZ
Sint Maarten (Dutch part),SXM,Latin America and the Caribbean,42.389,648120.94,7713468.5,.0065000001,.00050000002,SX
Seychelles,SYC,Africa,97.740997,1308064.1,7713468.5,.0074999998,.0013,SC
Syrian Arab Republic,SYR,Asia,17070.133,4601371.5,7713468.5,.37099999,.22130001,SY
Turks and Caicos Islands,TCA,Latin America and the Caribbean,38.194,648120.94,7713468.5,.0059000002,.00050000002,TC
Chad,TCD,Africa,15946.882,1308064.1,7713468.5,1.2191,.2067,TD
Togo,TGO,Africa,8082.3589,1308064.1,7713468.5,.61790001,.1048,TG
Thailand,THA,Asia,69625.578,4601371.5,7713468.5,1.5131,.90259999,TH
Tajikistan,TJK,Asia,9321.0234,4601371.5,7713468.5,.2026,.1208,TJ
Tokelau,TKL,Oceania,1.33,42128.047,7713468.5,.0031999999,0,TK
Turkmenistan,TKM,Asia,5942.0942,4601371.5,7713468.5,.12909999,.077,TM
Timor-Leste,TLS,Asia,1293.12,4601371.5,7713468.5,.028100001,.016799999,TL
Tonga,TON,Oceania,104.497,42128.047,7713468.5,.248,.0014,TO
Trinidad and Tobago,TTO,Latin America and the Caribbean,1394.969,648120.94,7713468.5,.21520001,.018100001,TT
Tunisia,TUN,Africa,11694.721,1308064.1,7713468.5,.89399999,.1516,TN
Turkey,TUR,Asia,83429.609,4601371.5,7713468.5,1.8131,1.0816,TR
Tuvalu,TUV,Oceania,11.655,42128.047,7713468.5,.0277,.00019999999,TV
Taiwan,TWN,Asia,23773.881,4601371.5,7713468.5,.51670003,.3082,TW
United Republic of Tanzania,TZA,Africa,58005.461,1308064.1,7713468.5,4.4345002,.75199997,TZ
Uganda,UGA,Africa,44269.586,1308064.1,7713468.5,3.3843999,.57389998,UG
Ukraine,UKR,Europe,43993.645,747182.81,7713468.5,5.8878999,.57029998,UA
Uruguay,URY,Latin America and the Caribbean,3461.731,648120.94,7713468.5,.5341,.0449,UY
United States of America,USA,Northern America,329064.91,366600.94,7713468.5,89.761101,4.2660999,US
Uzbekistan,UZB,Asia,32981.715,4601371.5,7713468.5,.71679997,.4276,UZ
Holy See,VAT,Europe,.815,747182.81,7713468.5,.000099999997,0,VA
Saint Vincent and the Grenadines,VCT,Latin America and the Caribbean,110.593,648120.94,7713468.5,.017100001,.0014,VC
Venezuela (Bolivarian Republic of),VEN,Latin America and the Caribbean,28515.828,648120.94,7713468.5,4.3997998,.36970001,VE
British Virgin Islands,VGB,Latin America and the Caribbean,30.033001,648120.94,7713468.5,.0046000001,.00039999999,VG
United States Virgin Islands,VIR,Latin America and the Caribbean,104.579,648120.94,7713468.5,.016100001,.0014,VI
Viet Nam,VNM,Asia,96462.109,4601371.5,7713468.5,2.0964,1.2506,VN
Vanuatu,VUT,Oceania,299.88199,42128.047,7713468.5,.71179998,.0038999999,VU
Wallis and Futuna Islands,WLF,Oceania,11.436,42128.047,7713468.5,.027100001,.000099999997,WF
Samoa,WSM,Oceania,197.093,42128.047,7713468.5,.46779999,.0026,WS
Yemen,YEM,Asia,29161.922,4601371.5,7713468.5,.63380003,.37810001,YE
South Africa,ZAF,Africa,58558.266,1308064.1,7713468.5,4.4766998,.75919998,ZA
Zambia,ZMB,Africa,17861.033,1308064.1,7713468.5,1.3655,.2316,ZM
Zimbabwe,ZWE,Africa,14645.473,1308064.1,7713468.5,1.1196001,.1899,ZW
